90,https://github.com/seeren-training/PHP/wiki/01,01 Â· seeren-training/PHP Wiki Â· GitHub,CrÃ©ation de pages Web dynamiques. Contribute to seeren-training/PHP development by creating an account on GitHub.
92,https://github.com/seeren-training/JavaScript,GitHub - seeren-training/JavaScript: La manipulation du DOM et Ajax,La manipulation du DOM et Ajax. Contribute to seeren-training/JavaScript development by creating an account on GitHub.
93,https://github.com/seeren-training/HTML,GitHub - seeren-training/HTML: CrÃ©ation de pages Web,CrÃ©ation de pages Web. Contribute to seeren-training/HTML development by creating an account on GitHub.
94,https://github.com/seeren-training/Solutions-Mobile,GitHub - seeren-training/Solutions-Mobile: Enjeux de la mobilitÃ©,Enjeux de la mobilitÃ©. Contribute to seeren-training/Solutions-Mobile development by creating an account on GitHub.
95,https://github.com/seeren-training/Scrum,GitHub - seeren-training/Scrum: Les rÃ¨gles du cadre de travail itÃ©ratif,Les rÃ¨gles du cadre de travail itÃ©ratif. Contribute to seeren-training/Scrum development by creating an account on GitHub.
96,https://github.com/seeren-training/PHP-Object,GitHub - seeren-training/PHP-Object: Les classes et PHP,Les classes et PHP. Contribute to seeren-training/PHP-Object development by creating an account on GitHub.
97,https://www.youtube.com/watch?v=aYYKmqamQ-0&list=RDMMaYYKmqamQ-0&start_radio=1,5 Best(Epic) Music One Piece ! - YouTube,"5 Best Music One Piece !if you liked the video subscribe!1) Uunan and the Stone Storage room2)The world&#39;s number one Oden store part 23) After Eating, Grand ..."
98,https://www.youtube.com/watch?v=D6TtASxc6d4&list=RDD6TtASxc6d4&start_radio=1,Attack on Titan S4 Episode 14 OST: Levi vs Zeke Theme (HQ COVER) - YouTube,â™« Attack on Titan EPIC SPOTIFY PLAYLIST â–º https://spoti.fi/3pL5DTIâ™« Attack on Titan EPIC PLAYLIST â–ºhttps://bit.ly/3bqYp2vğŸ§ Support my work on Patreon (HQ Mp...
99,https://www.youtube.com/watch?v=txZG-PJR_QM,ONE-PUNCH MAN 2019 feat@Louis-San - STARRYSKY - YouTube,S&#39;INSCRIRE AU LANCEMENT ULULE [prochain album] : https://fr.ulule.com/timeshift/TÃ‰LÃ‰CHARGER LA CHANSONBandcamp : https://starrysky.bandcamp.com/album/jamfict...
100,https://www.youtube.com/watch?v=GE7-ZW4ZTfw,Jamiroquai performs &#39;Cloud 9&#39; | The Voice UK 2017 - YouTube,"Subscribe for more: http://bit.ly/2jmXcPtJamiroquai rocks it ğŸ¸ for #TheVoiceUKBroadcast on: 25/03/17Like, follow and subscribe to the official channels for ..."
101,https://www.youtube.com/watch?v=SdKgLsyAsQI,ğŸ•º turn up mufasa (ğŸ”¥it&#39;s FridayğŸ”¥) ğŸ•´ï¸push the feeling onğŸ•º - YouTube,""
102,https://www.youtube.com/watch?v=23eDwEgSu-k,Gol D. Roger vs Barbe Blanche | One Piece - YouTube,ğŸ‘‰ Anime : One PieceğŸ“º OÃ¹ regarder : https://got.cr/OnePieceYTâ€‹â€‹Luffy et son Ã©quipage naviguent sur les mers Ã  la recherche du lÃ©gendaire trÃ©sor appelÃ© Â« One...
